[
    {
      "col": 4,
      "id": "Number-of-Events-Over-Time-By-Event-Log",
      "panelIndex": 1,
      "row": 1,
      "size_x": 9,
      "size_y": 4,
      "type": "visualization"
    },
    {
      "col": 1,
      "id": "Number-of-Events",
      "panelIndex": 3,
      "row": 1,
      "size_x": 3,
      "size_y": 4,
      "type": "visualization"
    },
    {
      "col": 5,
      "id": "Top-Event-IDs",
      "panelIndex": 4,
      "row": 5,
      "size_x": 4,
      "size_y": 4,
      "type": "visualization"
    },
    {
      "col": 9,
      "id": "Event-Levels",
      "panelIndex": 5,
      "row": 5,
      "size_x": 4,
      "size_y": 4,
      "type": "visualization"
    },
    {
      "col": 1,
      "id": "Sources",
      "panelIndex": 6,
      "row": 5,
      "size_x": 4,
      "size_y": 4,
      "type": "visualization"
    }
  ]